month,gap_log,gap_pct
2023-01,-0.0025,-0.2525
2023-02,-0.0037,-0.3675
2023-03,-0.0005,-0.0537
2023-04,0.0011,0.107
2023-05,-0.0144,-1.428
2023-06,0.022,2.2278
2023-07,-0.0003,-0.0286
2023-08,0.0186,1.8768
2023-09,0.016,1.6177
2023-10,0.0213,2.1546
2023-11,0.0102,1.0299
2023-12,0.002,0.2025
2024-01,0.0145,1.4593
2024-02,0.0025,0.2499
2024-03,-0.0005,-0.054
2024-04,-0.0021,-0.2144
2024-05,0.0133,1.3394
2024-06,-0.0231,-2.2846
2024-07,-0.0008,-0.0791
2024-08,-0.0197,-1.9479
2024-09,-0.0171,-1.6979
2024-10,-0.0224,-2.2146
2024-11,-0.0113,-1.126
2024-12,-0.0031,-0.3096
2025-01,-0.0814,-7.8157
2025-02,-0.0693,-6.6912
2025-03,-0.0746,-7.189
2025-04,-0.0613,-5.9435
2025-05,-0.0264,-2.6039
2025-06,-0.0366,-3.5949
2025-07,-0.0107,-1.0616
2025-08,-0.0287,-2.8293
2025-09,0.0008,0.0761
2025-10,-0.0161,-1.6015
2025-11,-0.005,-0.4943
2025-12,-0.0177,-1.7523
2026-01,-0.0198,-1.9622
2026-02,-0.0531,-5.1762
2026-03,-0.051,-4.9708
2026-04,-0.0567,-5.5087
2026-05,-0.0439,-4.2959
2026-06,-0.0629,-6.0955
2026-07,-0.082,-7.8726
2026-08,-0.0686,-6.6284
2026-09,-0.0921,-8.7944
